{
  "total_loss": [
    556.0564714991403,
    118.69956467679874,
    24.004715225653733,
    5.930225616086743,
    2.2186044297532406,
    1.3006565824240268,
    1.0041578087264191,
    0.8338705270947097,
    0.7344534200822522,
    0.6589081669282056,
    0.5654730971701845,
    0.5182234111303341,
    0.4734342174972603,
    0.43335307019199437,
    0.4055048152358232,
    0.38341773555664244,
    0.36623583921415365,
    0.3603514812128273,
    0.3475609382469497,
    0.34137731924385367,
    0.34044701405271083,
    0.3264621089318555,
    0.32785280307609876,
    0.32247598808325695,
    0.3189049367597717,
    0.31556897713038734,
    0.31338786418566444,
    0.30885530606715267,
    0.3022194021119329,
    0.3036794691028709,
    0.2993222631201773,
    0.30124221456621936,
    0.31044556762643916,
    0.30169783586156584,
    0.2858771014356328,
    0.29941058729936976,
    0.28802204774525353,
    0.2882071899885903,
    0.27807338312714397,
    0.28568788943533413,
    0.28714880704165935,
    0.28297368820734364,
    0.28256031558542194,
    0.27871774003177346,
    0.27558939792438897,
    0.2729440706218788,
    0.2839457989631299,
    0.2794105579217751,
    0.2670939978725182,
    0.2674890863681268,
    0.2700699428598324,
    0.2774307694353029,
    0.26586686342419263,
    0.2705043490953788,
    0.26855976647602586,
    0.2662769237499751,
    0.27393778931059526,
    0.26889555825444755,
    0.27143606967376377,
    0.2642031846467606,
    0.27031970113337395,
    0.25970865888688377,
    0.2617042289968736,
    0.2659657568988686,
    0.2791283641925115,
    0.2619624335519568,
    0.25518320514234955,
    0.26185525770851237,
    0.2642053125682705,
    0.2709964406704474,
    0.2572268299803048,
    0.26349603915642833,
    0.26919845411342064,
    0.27070276764873974,
    0.263504630612756,
    0.262168158448028,
    0.2620945164632654,
    0.2749104385604402,
    0.26299270389679663,
    0.2580996642926496,
    0.24933576740012198,
    0.27002429993388183,
    0.2600279167562188,
    0.25140662799159924,
    0.2657594972563361,
    0.2539972234182729,
    0.26526258234492317,
    0.2674070399053796,
    0.25788379090274877,
    0.2505149959982512,
    0.25760887545382904,
    0.26404235837702267,
    0.2684062577917904,
    0.24600803660240003,
    0.25748838064913265,
    0.2546107106490763,
    0.26308531166907556,
    0.2636069123170333,
    0.25787879151855403,
    0.2570871391785359
  ],
  "pred_loss": [
    556.0559229593791,
    118.69911506789887,
    24.004307387117855,
    5.929832805059627,
    2.218213793403374,
    1.3002546433203235,
    1.003736182244238,
    0.8334282006689174,
    0.7339868251078143,
    0.6584125548422693,
    0.56494182009183,
    0.5176544790853284,
    0.47282441825923804,
    0.43270034900682414,
    0.40480893011578545,
    0.3826813137459898,
    0.36545848328910185,
    0.35954050648355196,
    0.346715769278789,
    0.34049955733165055,
    0.3395330752441269,
    0.3255179278151004,
    0.32688059929959074,
    0.3214726673807213,
    0.3178709381354783,
    0.31450799170011534,
    0.3122948331390312,
    0.30773637617776495,
    0.30107629263472413,
    0.30251113436893073,
    0.2981267567880139,
    0.30002447008015865,
    0.30921117399267095,
    0.3004448115825653,
    0.2845999213035949,
    0.29811478455266555,
    0.28670821762727405,
    0.28687616950737505,
    0.27672460862619436,
    0.28432104705336564,
    0.2857660942984198,
    0.2815731530507168,
    0.28114344857766954,
    0.2772847017395996,
    0.27414039517948013,
    0.2714763022290019,
    0.28246213513577056,
    0.27791522389757417,
    0.26558372003589564,
    0.26596099236411247,
    0.26852504213056166,
    0.2758740814413853,
    0.26429646448817795,
    0.2689228443328492,
    0.2669625777505829,
    0.264670105037575,
    0.27232024832043106,
    0.26726376448205846,
    0.2697922511996623,
    0.2625462703272968,
    0.26864824823276723,
    0.2580250282576698,
    0.2600104903389594,
    0.26425904169411,
    0.27741093389288396,
    0.2602335132524639,
    0.25343915472130574,
    0.2600977091999825,
    0.26243943930742986,
    0.26921644374103604,
    0.2554451741144329,
    0.2617035515740246,
    0.26739550493434516,
    0.26889668092756214,
    0.26169100894542513,
    0.26034700018381646,
    0.2602645465713775,
    0.27307537385446584,
    0.2611464370421307,
    0.2562480683098296,
    0.24747056572023265,
    0.268148972334976,
    0.25814741091456955,
    0.2495122694683646,
    0.2638577691719918,
    0.2520900465057282,
    0.2633458663246589,
    0.2654828508635481,
    0.2559530892058047,
    0.24857582513265267,
    0.25565899141177445,
    0.26208242252022923,
    0.266438079183687,
    0.2440379779495879,
    0.25550517386305116,
    0.2526147959385803,
    0.2610865710024348,
    0.2616032414182931,
    0.2558645407953662,
    0.2550688923119071
  ],
  "regularization_loss": [
    0.0005476616875792736,
    0.0004499174391677949,
    0.00040779002781115295,
    0.0003928115720718452,
    0.00039063452085630665,
    0.00040194531013871247,
    0.00042162659075417873,
    0.00044232842750836185,
    0.0004665964510651517,
    0.0004956139796023106,
    0.0005312757514288906,
    0.0005689329885275377,
    0.0006097988490416797,
    0.0006527214047560346,
    0.0006958847348912881,
    0.0007364211703684115,
    0.0007773555433907418,
    0.0008109744138385498,
    0.0008451694679797856,
    0.0008777625050847447,
    0.0009139375224386057,
    0.0009441806674756467,
    0.0009722033997267083,
    0.0010033215041980593,
    0.0010339985092722638,
    0.0010609848725938512,
    0.0010930307608231634,
    0.0011189295018013722,
    0.0011431094033164,
    0.0011683346802636445,
    0.0011955050829641834,
    0.0012177437673529198,
    0.0012343942235129143,
    0.001253023971580415,
    0.001277180140403038,
    0.001295802524330061,
    0.001313828645709032,
    0.001331020261629479,
    0.0013487749896151666,
    0.0013668431090414078,
    0.0013827123431053882,
    0.0014005365557020564,
    0.0014168674915382069,
    0.001433037917135272,
    0.0014490026459209398,
    0.0014677689554348232,
    0.0014836639193762206,
    0.0014953338422583873,
    0.0015102771681058638,
    0.0015280936024859994,
    0.0015449006581667833,
    0.001556688242781528,
    0.0015703987303708573,
    0.0015815044397733615,
    0.0015971884967948863,
    0.00160681826765175,
    0.001617540739906093,
    0.0016317935548945815,
    0.0016438171928358114,
    0.0016569146275810316,
    0.0016714532393962145,
    0.0016836310174974229,
    0.001693739134729087,
    0.001706715459199232,
    0.0017174296185630791,
    0.0017289203197087446,
    0.0017440501512669608,
    0.0017575483670190513,
    0.001765872632058527,
    0.0017799966979749546,
    0.0017816557620044151,
    0.00179248810034736,
    0.0018029492139303221,
    0.0018060875088980277,
    0.0018136219691741698,
    0.0018211582237798833,
    0.0018299710637092322,
    0.0018350640032998103,
    0.0018462686239000031,
    0.0018515959138072982,
    0.001865202042380136,
    0.0018753282660283817,
    0.001880505863259251,
    0.0018943590376927645,
    0.0019017281652076873,
    0.0019071771962635086,
    0.0019167159289445082,
    0.0019241878518857017,
    0.0019307020622233073,
    0.0019391711033088807,
    0.0019498838071326564,
    0.001959935844245696,
    0.001968177350539112,
    0.0019700587183393227,
    0.0019832062534987926,
    0.0019959152514438428,
    0.0019987397339239626,
    0.002003671286326504,
    0.0020142504736268057,
    0.0020182463103448024
  ]
}