{
  "total_loss": [
    0.14368345588445663
  ],
  "pred_loss": [
    0.14368345588445663
  ],
  "regularization_loss": [
    0.0
  ]
}