{
  "Model 1": {
    "num_episodes": 1,
    "success_rate": 0.0,
    "mean_distance": 0.9861377477645874,
    "mean_rms_lean": 0.05359175056219101,
    "mean_rms_heading_error": 1.3624138832092285,
    "mean_survival_steps": 201.0
  }
}