{
  "Model 1": {
    "num_episodes": 1,
    "success_rate": 1.0,
    "mean_distance": 0.05951777845621109,
    "mean_rms_lean": 0.026471201330423355,
    "mean_rms_heading_error": 0.08652866631746292,
    "mean_survival_steps": 21.0
  }
}