{
  "model": "Model 1",
  "summary": {
    "num_episodes": 1,
    "success_rate": 1.0,
    "mean_distance": 0.05951777845621109,
    "mean_rms_lean": 0.026471201330423355,
    "mean_rms_heading_error": 0.08652866631746292,
    "mean_survival_steps": 21.0
  },
  "episodes": [
    {
      "distance": 0.05951777845621109,
      "duration": 21,
      "mean_speed": 0.0,
      "fell": false,
      "final_lean": 0.02662249095737934,
      "rms_lean": 0.026471201330423355,
      "rms_heading_error": 0.08652866631746292,
      "path_length": 0.05951777845621109,
      "survived": true
    }
  ]
}